{
    "mean": -0.0046918499283492565,
    "std": 0.08968023210763931,
    "min": -11.74992847442627,
    "max": 14.282289505004883,
    "global_sparsity": 3.2804056521104134e-06,
    "total_weights": 7011328,
    "zero_weights": 23,
    "histogram": {
        "counts": [
            2,
            4,
            8,
            11,
            17,
            27,
            88,
            641,
            1260899,
            5748853,
            654,
            57,
            24,
            10,
            12,
            7,
            7,
            4,
            1,
            2
        ],
        "bin_edges": [
            -11.74992847442627,
            -10.448317527770996,
            -9.146706581115723,
            -7.845095634460449,
            -6.543484687805176,
            -5.241873741149902,
            -3.940262794494629,
            -2.6386518478393555,
            -1.337040901184082,
            -0.035429954528808594,
            1.2661809921264648,
            2.5677919387817383,
            3.8694028854370117,
            5.171013832092285,
            6.472624778747559,
            7.774235725402832,
            9.075846672058105,
            10.377457618713379,
            11.679068565368652,
            12.980679512023926,
            14.282289505004883
        ]
    }
}