{
    "pruning_method": "magnitude",
    "sparsity": 0.5,
    "actual_sparsity": 0.49876074207262533,
    "compression_ratio": 1.9950552239962247,
    "base_params": 7030417,
    "pruned_params": 3523921,
    "removed_params": 3506496,
    "base_flops": 15971532800,
    "pruned_flops": 8005559248,
    "removed_flops": 7965973552,
    "size_reduction_mb": 13.376220703125
}